{
    "path": 2,
    "cid": 0,
    "fps": 30,
    "res_width": 640,
    "res_height": 480,
    "cam_calib": {
        "distortion": [0.08387719, -0.1162707,  -0.00150375, -0.01944399, -0.17778889],
        "cam_matrix": 
            [[610.92340088, 0, 236.67174449],
            [0, 595.96838379, 271.08832551],
            [0, 0, 1]],
        "rvecs": [],
        "tvecs": []
    },
    "FOV": 68.5
}