{
    "path": 0,
    "cid": 1,
    "fps": 30,
    "res_width": 1920,
    "res_height": 1080,
    "cam_calib": {
        "distortion": [],
        "cam_matrix": [
            [537.59615337, 0, 311.68503912],
            [0, 533.75497461, 208.23897395],
            [0, 0, 1]
        ],
        "rvecs": [],
        "tvecs": []
    },
    "FOV": 75 
}